<?xml version="1.0" encoding="utf-8"?>
<style>
	<!-- Avatars, and Username formatting -->
	<avatar_string><![CDATA[<img src="$1" width="$2" height="$3" alt="$4" />]]></avatar_string>
	<user_group_name><![CDATA[<span class="gid$1">$2</span>]]></user_group_name>
	<username_link><![CDATA[<a href="$1">$2</a>]]></username_link>
	
	<!-- CSS rules -->
	<global_permissions_css>font-style: italic</global_permissions_css>
	<members_css>font-weight: bold</members_css>
	<group_colour>color: $1</group_colour>
	<group_style>.gid$1 {$2}</group_style>

	<!-- HTML for Parser -->
	<hyperlink><![CDATA[<a href="$1" rel="nofollow">$2</a>]]></hyperlink>
	<images_no_img><![CDATA[<a href="$1" rel="nofollow">&lt;$2 - $3&gt;</a>]]></images_no_img>
	<signature_image><![CDATA[<img class="sigimage" src="$1" alt="$2" />]]></signature_image>
	<post_image><![CDATA[<span class="postimg"><img src="$1" alt="$2" /></span>]]></post_image>
	<list_item><![CDATA[<li><p>$1</p></li>]]></list_item>
	<unordered_list><![CDATA[<ul>$1</ul>]]></unordered_list>
	<alphabetical_list><![CDATA[<ol class="alpha">$1</ol>]]></alphabetical_list>
	<numeric_list><![CDATA[<ol class="decimal">$1</ol>]]></numeric_list>
	<list_wrapper_tags><![CDATA[</p>$1<p>]]></list_wrapper_tags>
	<quote_opening><![CDATA[</p><div class="quotebox"><blockquote><div><p>]]></quote_opening>
	<quote_closing><![CDATA[</p></div></blockquote></div><p>]]></quote_closing>
	<quote_user><![CDATA[</p><div class="quotebox"><cite>$1 $2</cite><blockquote><div><p>]]></quote_user>
	<spoiler_opening><![CDATA[</p><div class="quotebox" style="padding: 0px;"><div onclick="var e,d,c=this.parentNode,a=c.getElementsByTagName('div')[1],b=this.getElementsByTagName('span')[0];if(a.style.display!=''){while(c.parentNode&&(!d||!e||d==e)){e=d;d=(window.getComputedStyle?getComputedStyle(c, null):c.currentStyle)['backgroundColor'];if(d=='transparent'||d=='rgba(0, 0, 0, 0)')d=e;c=c.parentNode;}a.style.display='';a.style.backgroundColor=d;b.innerHTML='&#9650;';}else{a.style.display='none';b.innerHTML='&#9660;';}" style="font-weight: bold; cursor: pointer; font-size: 0.9em;"><span style="padding: 0 5px;">&#9660;</span>$1</div><div style="padding: 6px; margin: 0; display: none;"><p>]]></spoiler_opening>
	<spoiler_closing><![CDATA[</p></div></div><p>]]></spoiler_closing>
	<spoiler_contains><![CDATA[</p><div class="quotebox" style="padding: 0px;"><div onclick="var e,d,c=this.parentNode,a=c.getElementsByTagName('div')[1],b=this.getElementsByTagName('span')[0];if(a.style.display!=''){while(c.parentNode&&(!d||!e||d==e)){e=d;d=(window.getComputedStyle?getComputedStyle(c, null):c.currentStyle)['backgroundColor'];if(d=='transparent'||d=='rgba(0, 0, 0, 0)')d=e;c=c.parentNode;}a.style.display='';a.style.backgroundColor=d;b.innerHTML='&#9650;';}else{a.style.display='none';b.innerHTML='&#9660;';}" style="font-weight: bold; cursor: pointer; font-size: 0.9em;"><span style="padding: 0 5px;">&#9660;</span>$1</div><div style="padding: 6px; margin: 0; display: none;"><p>]]></spoiler_contains>
	<smiley_image><![CDATA[<img src="$1" width="15" height="15" alt="$2" />]]></smiley_image>
	<code_box><![CDATA[</p><div class="codebox"><pre class="$1"><code>$2</code></pre></div><p>]]></code_box>
	<vertical_scroll_class>vscroll</vertical_scroll_class>

	<!-- Text formatting options in Parser -->
	<bold_text><![CDATA[<strong>$1</strong>]]></bold_text>
	<italic_text><![CDATA[<em>$1</em>]]></italic_text>
	<underline_text><![CDATA[<span class="bbu">$1</span>]]></underline_text>
	<strikethrough_text><![CDATA[<span class="bbs">$1</span>]]></strikethrough_text>
	<deleted_text><![CDATA[<del>$1</del>]]></deleted_text>
	<inserted_text><![CDATA[<ins>$1</ins>]]></inserted_text>
	<emphasised_text><![CDATA[<em>$1</em>]]></emphasised_text>
	<coloured_text><![CDATA[<span style="color: $1">$2</span>]]></coloured_text>
	<heading><![CDATA[</p><h5>$1</h5><p>]]></heading>
	<mailto_email><![CDATA[<a href="mailto:$1">$1</a>]]></mailto_email>
	<user_email><![CDATA[<a href="mailto:$1">$2</a>]]></user_email>

	<!-- Line formatting options for messages -->
	<line_break><![CDATA[<br />]]></line_break>
	<tab_character><![CDATA[&#160; &#160; ]]></tab_character>
	<space_type_1><![CDATA[&#160; ]]></space_type_1>
	<space_type_2><![CDATA[ &#160;]]></space_type_2>
	<paragraph_tags><![CDATA[<p>$1</p>]]></paragraph_tags>
	<empty_paragraph_tags><![CDATA[<p></p>]]></empty_paragraph_tags>

	<!-- Replacements for cleaning paragraphs in messages -->
	<line_break_replacement><![CDATA[</p><p>]]></line_break_replacement>
	<opening_paragraph_line_break><![CDATA[<p><br />]]></opening_paragraph_line_break>
	<line_break_opening_paragraph><![CDATA[<br /><p>]]></line_break_opening_paragraph>
	<closing_paragraph_line_break><![CDATA[</p><br />]]></closing_paragraph_line_break>
	<line_break_closing_paragraph><![CDATA[<br /></p>]]></line_break_closing_paragraph>
	<empty_paragraph_replacement><![CDATA[<br /><br />]]></empty_paragraph_replacement>
</style>