<?xml version="1.0" encoding="utf-8"?>
<smilies>
  <smiley>
    <code>:)</code>
    <image>smile.png</image>
  </smiley>
  <smiley>
    <code>=)</code>
    <image>smile.png</image>
  </smiley>
  <smiley>
    <code>:|</code>
    <image>neutral.png</image>
  </smiley>
  <smiley>
    <code>=|</code>
    <image>neutral.png</image>
  </smiley>
  <smiley>
    <code>:(</code>
    <image>sad.png</image>
  </smiley>
  <smiley>
    <code>=(</code>
    <image>sad.png</image>
  </smiley>
  <smiley>
    <code>:D</code>
    <image>big_smile.png</image>
  </smiley>
  <smiley>
    <code>=D</code>
    <image>big_smile.png</image>
  </smiley>
  <smiley>
    <code>:o</code>
    <image>yikes.png</image>
  </smiley>
  <smiley>
    <code>:O</code>
    <image>yikes.png</image>
  </smiley>
  <smiley>
    <code>;)</code>
    <image>wink.png</image>
  </smiley>
  <smiley>
    <code>:/</code>
    <image>hmm.png</image>
  </smiley>
  <smiley>
    <code>:P</code>
    <image>tongue.png</image>
  </smiley>
  <smiley>
    <code>:p</code>
    <image>tongue.png</image>
  </smiley>
  <smiley>
    <code>:lol:</code>
    <image>lol.png</image>
  </smiley>
  <smiley>
    <code>:mad:</code>
    <image>mad.png</image>
  </smiley>
  <smiley>
    <code>:rolleyes:</code>
    <image>roll.png</image>
  </smiley>
  <smiley>
    <code>:cool:</code>
    <image>cool.png</image>
  </smiley>
  <smiley>
    <code>xD</code>
    <image>xd.png</image>
  </smiley>
  <smiley>
    <code>XD</code>
    <image>xd.png</image>
  </smiley>
  <smiley>
    <code>:what:</code>
    <image>what.png</image>
  </smiley>
  <smiley>
    <code>ZzZz</code>
    <image>sleep.png</image>
  </smiley>
  <smiley>
    <code>:angel:</code>
    <image>angel.png</image>
  </smiley>
  <smiley>
    <code>:angry:</code>
    <image>angry.png</image>
  </smiley>
  <smiley>
    <code>:'(</code>
    <image>cry.png</image>
  </smiley>
  <smiley>
    <code>:')</code>
    <image>happycry.png</image>
  </smiley>
  <smiley>
    <code>:blush:</code>
    <image>ashame.png</image>
  </smiley>
</smilies>
