<?xml version="1.0" encoding="utf-8"?>
<groups exported="1482843092">
  <group>
    <g_id>1</g_id>
    <g_title lang="true">Administrators</g_title>
    <g_user_title lang="true">Administrator</g_user_title>
    <g_moderator>0</g_moderator>
    <g_mod_cp>0</g_mod_cp>
    <g_global_moderator>0</g_global_moderator>
    <g_mod_edit_users>0</g_mod_edit_users>
    <g_mod_rename_users>0</g_mod_rename_users>
    <g_mod_change_passwords>0</g_mod_change_passwords>
    <g_mod_ban_users>0</g_mod_ban_users>
    <g_mod_edit_admin_posts>0</g_mod_edit_admin_posts>
    <g_read_board>1</g_read_board>
    <g_post_polls>1</g_post_polls>
    <g_view_users>1</g_view_users>
    <g_post_replies>1</g_post_replies>
    <g_post_topics>1</g_post_topics>
    <g_edit_posts>1</g_edit_posts>
    <g_edit_subject>1</g_edit_subject>
    <g_edit_pm_subject>1</g_edit_pm_subject>
    <g_delete_posts>1</g_delete_posts>
    <g_delete_topics>1</g_delete_topics>
    <g_set_title>1</g_set_title>
    <g_search>1</g_search>
    <g_search_users>1</g_search_users>
    <g_send_email>1</g_send_email>
    <g_post_flood>0</g_post_flood>
    <g_use_pm>1</g_use_pm>
    <g_pm_limit>0</g_pm_limit>
    <g_search_flood>0</g_search_flood>
    <g_email_flood>0</g_email_flood>
    <g_report_flood>0</g_report_flood>
    <g_rep_enabled>1</g_rep_enabled>
    <g_rep_interval>0</g_rep_interval>
    <g_rep_plus>0</g_rep_plus>
    <g_rep_minus>0</g_rep_minus>
    <g_colour>#AA0000</g_colour>
  </group>
  <group>
    <g_id>2</g_id>
    <g_title lang="true">Global Moderators</g_title>
    <g_user_title lang="true">Global Moderator</g_user_title>
    <g_moderator>1</g_moderator>
    <g_mod_cp>1</g_mod_cp>
    <g_global_moderator>1</g_global_moderator>
    <g_mod_edit_users>1</g_mod_edit_users>
    <g_mod_sfs_report>1</g_mod_sfs_report>
    <g_mod_rename_users>0</g_mod_rename_users>
    <g_mod_change_passwords>1</g_mod_change_passwords>
    <g_mod_ban_users>1</g_mod_ban_users>
    <g_post_polls>1</g_post_polls>
    <g_mod_warn_users>1</g_mod_warn_users>
    <g_mod_edit_admin_posts>1</g_mod_edit_admin_posts>
    <g_read_board>1</g_read_board>
    <g_view_users>1</g_view_users>
    <g_post_replies>1</g_post_replies>
    <g_post_topics>1</g_post_topics>
    <g_edit_posts>1</g_edit_posts>
    <g_edit_subject>1</g_edit_subject>
    <g_edit_pm_subject>1</g_edit_pm_subject>
    <g_delete_posts>1</g_delete_posts>
    <g_delete_topics>1</g_delete_topics>
    <g_set_title>1</g_set_title>
    <g_search>1</g_search>
    <g_search_users>1</g_search_users>
    <g_send_email>1</g_send_email>
    <g_post_flood>0</g_post_flood>
    <g_use_pm>1</g_use_pm>
    <g_pm_limit>0</g_pm_limit>
    <g_search_flood>0</g_search_flood>
    <g_email_flood>0</g_email_flood>
    <g_report_flood>0</g_report_flood>
    <g_rep_enabled>1</g_rep_enabled>
    <g_rep_interval>0</g_rep_interval>
    <g_rep_plus>0</g_rep_plus>
    <g_rep_minus>0</g_rep_minus>
    <g_colour>#0000CC</g_colour>
    <g_attach_files>1</g_attach_files>
    <g_max_attachments>5</g_max_attachments>
    <g_max_size>10485760</g_max_size>
  </group>
  <group>
    <g_id>3</g_id>
    <g_title lang="true">Moderators</g_title>
    <g_user_title lang="true">Moderator</g_user_title>
    <g_moderator>1</g_moderator>
    <g_mod_cp>1</g_mod_cp>
    <g_global_moderator>0</g_global_moderator>
    <g_mod_edit_users>0</g_mod_edit_users>
    <g_mod_sfs_report>1</g_mod_sfs_report>
    <g_mod_rename_users>0</g_mod_rename_users>
    <g_mod_change_passwords>0</g_mod_change_passwords>
    <g_mod_ban_users>1</g_mod_ban_users>
    <g_mod_warn_users>1</g_mod_warn_users>
    <g_mod_edit_admin_posts>0</g_mod_edit_admin_posts>
    <g_read_board>1</g_read_board>
    <g_post_polls>1</g_post_polls>
    <g_view_users>1</g_view_users>
    <g_post_replies>1</g_post_replies>
    <g_post_topics>1</g_post_topics>
    <g_edit_posts>1</g_edit_posts>
    <g_edit_subject>1</g_edit_subject>
    <g_edit_pm_subject>1</g_edit_pm_subject>
    <g_delete_posts>1</g_delete_posts>
    <g_delete_topics>1</g_delete_topics>
    <g_set_title>1</g_set_title>
    <g_search>1</g_search>
    <g_search_users>1</g_search_users>
    <g_send_email>1</g_send_email>
    <g_post_flood>0</g_post_flood>
    <g_use_pm>1</g_use_pm>
    <g_pm_limit>0</g_pm_limit>
    <g_search_flood>0</g_search_flood>
    <g_email_flood>0</g_email_flood>
    <g_report_flood>0</g_report_flood>
    <g_rep_enabled>1</g_rep_enabled>
    <g_rep_interval>0</g_rep_interval>
    <g_rep_plus>0</g_rep_plus>
    <g_rep_minus>0</g_rep_minus>
    <g_colour>#00AA00</g_colour>
    <g_attach_files>1</g_attach_files>
    <g_max_attachments>5</g_max_attachments>
    <g_max_size>10485760</g_max_size>
    <g_pm_folder_limit>10</g_pm_folder_limit>
  </group>
  <group>
    <g_id>4</g_id>
    <g_title lang="true">Guests</g_title>
    <g_moderator>0</g_moderator>
    <g_mod_cp>0</g_mod_cp>
    <g_global_moderator>0</g_global_moderator>
    <g_mod_edit_users>0</g_mod_edit_users>
    <g_mod_rename_users>0</g_mod_rename_users>
    <g_mod_change_passwords>0</g_mod_change_passwords>
    <g_mod_ban_users>0</g_mod_ban_users>
    <g_mod_warn_users>0</g_mod_warn_users>
    <g_mod_edit_admin_posts>0</g_mod_edit_admin_posts>
    <g_read_board>1</g_read_board>
    <g_view_users>0</g_view_users>
    <g_post_replies>0</g_post_replies>
    <g_post_topics>0</g_post_topics>
    <g_post_links>0</g_post_links>
    <g_subject_links>0</g_subject_links>
    <g_robot_test>1</g_robot_test>
    <g_post_images>0</g_post_images>
    <g_edit_posts>0</g_edit_posts>
    <g_edit_subject>0</g_edit_subject>
    <g_edit_pm_subject>0</g_edit_pm_subject>
    <g_delete_posts>0</g_delete_posts>
    <g_delete_topics>0</g_delete_topics>
    <g_set_title>0</g_set_title>
    <g_search>1</g_search>
    <g_search_users>0</g_search_users>
    <g_send_email>0</g_send_email>
    <g_post_flood>60</g_post_flood>
    <g_use_pm>0</g_use_pm>
    <g_pm_limit>0</g_pm_limit>
    <g_search_flood>30</g_search_flood>
    <g_email_flood>0</g_email_flood>
    <g_report_flood>0</g_report_flood>
    <g_rep_enabled>0</g_rep_enabled>
    <g_rep_interval>0</g_rep_interval>
    <g_rep_plus>0</g_rep_plus>
    <g_rep_minus>0</g_rep_minus>
    <g_colour></g_colour>
    <g_attach_files>0</g_attach_files>
  </group>
  <group>
    <g_id>5</g_id>
    <g_title lang="true">Members</g_title>
    <g_moderator>0</g_moderator>
    <g_global_moderator>0</g_global_moderator>
    <g_mod_edit_users>0</g_mod_edit_users>
    <g_mod_rename_users>0</g_mod_rename_users>
    <g_mod_change_passwords>0</g_mod_change_passwords>
    <g_mod_ban_users>0</g_mod_ban_users>
    <g_mod_warn_users>0</g_mod_warn_users>
    <g_mod_edit_admin_posts>0</g_mod_edit_admin_posts>
    <g_read_board>1</g_read_board>
    <g_view_users>1</g_view_users>
    <g_post_polls>1</g_post_polls>
    <g_post_replies>1</g_post_replies>
    <g_post_topics>1</g_post_topics>
    <g_subject_links>0</g_subject_links>
    <g_edit_posts>1</g_edit_posts>
    <g_edit_subject>0</g_edit_subject>
    <g_edit_pm_subject>1</g_edit_pm_subject>
    <g_delete_posts>0</g_delete_posts>
    <g_delete_topics>0</g_delete_topics>
    <g_set_title>0</g_set_title>
    <g_search>1</g_search>
    <g_search_users>1</g_search_users>
    <g_send_email>1</g_send_email>
    <g_post_flood>5</g_post_flood>
    <g_use_pm>1</g_use_pm>
    <g_pm_limit>100</g_pm_limit>
    <g_search_flood>30</g_search_flood>
    <g_email_flood>30</g_email_flood>
    <g_report_flood>30</g_report_flood>
    <g_rep_enabled>1</g_rep_enabled>
    <g_rep_interval>5</g_rep_interval>
    <g_rep_plus>10</g_rep_plus>
    <g_rep_minus>5</g_rep_minus>
    <g_colour></g_colour>
    <g_attach_files>1</g_attach_files>
    <g_max_attachments>2</g_max_attachments>
    <g_max_size>5242880</g_max_size>
    <g_pm_folder_limit>5</g_pm_folder_limit>
  </group>
  <group>
    <g_id>6</g_id>
    <g_title lang="true">New members</g_title>
    <g_moderator>0</g_moderator>
    <g_global_moderator>0</g_global_moderator>
    <g_mod_edit_users>0</g_mod_edit_users>
    <g_promote_min_posts>5</g_promote_min_posts>
    <g_promote_next_group>5</g_promote_next_group>
    <g_mod_rename_users>0</g_mod_rename_users>
    <g_mod_change_passwords>0</g_mod_change_passwords>
    <g_mod_ban_users>0</g_mod_ban_users>
    <g_mod_warn_users>0</g_mod_warn_users>
    <g_mod_edit_admin_posts>0</g_mod_edit_admin_posts>
    <g_read_board>1</g_read_board>
    <g_post_polls>1</g_post_polls>
    <g_view_users>0</g_view_users>
    <g_post_replies>1</g_post_replies>
    <g_post_topics>1</g_post_topics>
    <g_post_links>0</g_post_links>
    <g_subject_links>0</g_subject_links>
    <g_post_images>0</g_post_images>
    <g_edit_posts>1</g_edit_posts>
    <g_edit_subject>0</g_edit_subject>
    <g_edit_pm_subject>1</g_edit_pm_subject>
    <g_deledit_interval>600</g_deledit_interval>
    <g_delete_posts>0</g_delete_posts>
    <g_delete_topics>0</g_delete_topics>
    <g_set_title>0</g_set_title>
    <g_search>1</g_search>
    <g_search_users>0</g_search_users>
    <g_send_email>1</g_send_email>
    <g_post_flood>60</g_post_flood>
    <g_use_pm>0</g_use_pm>
    <g_pm_limit>0</g_pm_limit>
    <g_search_flood>30</g_search_flood>
    <g_email_flood>60</g_email_flood>
    <g_report_flood>60</g_report_flood>
    <g_rep_enabled>1</g_rep_enabled>
    <g_rep_interval>5</g_rep_interval>
    <g_rep_plus>5</g_rep_plus>
    <g_rep_minus>5</g_rep_minus>
    <g_colour></g_colour>
    <g_attach_files>0</g_attach_files>
    <g_max_attachments>0</g_max_attachments>
    <g_max_size>1</g_max_size>
    <g_pm_folder_limit>1</g_pm_folder_limit>
  </group>
</groups>
